,충전소명,휴점일,이용가능시작시각,이용가능종료시각,완속충전가능여부,급속충전가능여부,완속충전기대수,급속충전기대수,주차료부과여부,위도,경도
0,진원종합관리주식회사,연중무휴,9:00,18:00,Y,N,0,0,N,37.622001000000004,127.086575
1,창동역 환승주차장,연중무휴,0:00,24:00:00,Y,Y,2.0,1.0,Y,37.65436821,127.0491293
2,창1동 공영주차장,연중무휴,0:00,24:00:00,Y,N,1.0,0.0,Y,37.6471291,127.03718899999998
3,조원동 공영주차장,연중무휴,0:00,0:00,N,Y,0.0,1.0,Y,37.481021999999996,126.90571159999999
4,서울대정문 옆 구거부지 급속충전소,연중무휴,0:00,0:00,N,Y,0.0,2.0,N,37.466421000000004,126.948761
5,보라매제1공영주차장,연중무휴,0:00,0:00,N,Y,0.0,1.0,Y,37.488548,126.9344949
6,신림동제1공영주차장,연중무휴,0:00,0:00,N,Y,0.0,1.0,Y,37.487336,126.9234648
7,난곡동제1공영주차장,연중무휴,0:00,0:00,N,Y,0.0,1.0,Y,37.47220843,126.923124
8,원신공영주차장,연중무휴,0:00,0:00,N,Y,0.0,1.0,Y,37.47010388,126.92926580000001
9,현대자동차 북부서비스센터,연중무휴,8:30,17:30,N,Y,0.0,1.0,Y,37.663355200000005,127.0441017
10,기아 도봉서비스센터,연중무휴,8:30,17:30,N,Y,0.0,1.0,N,37.68350229,127.050141
11,창2동 제4공영주차장,연중무휴,0:00,24:00:00,N,Y,0.0,1.0,Y,37.641420000000004,127.036249
12,창3동 제1공영주차장,연중무휴,0:00,24:00:00,N,Y,0.0,1.0,Y,37.633306,127.04155
13,남부초 공영주차장,연중무휴,0:00,0:00,N,Y,0.0,1.0,Y,37.48512106,126.92211200000001
14,홈플러스 월곡점,연중무휴,10:00,23:59,N,Y,0.0,1.0,Y,37.60182639,127.0404642
15,서울시 서초소방서,"토,일",9:00,18:00,Y,N,2.0,0.0,Y,37.498474,126.991948
16,서울시 서초구 반포4동주민센터,"토,일",9:00,18:00,Y,N,1.0,0.0,Y,37.497419,127.00033
17,현우모터스,연중무휴,9:00,18:00,Y,N,1.0,0.0,Y,37.489028999999995,126.997391
18,서울 부띠크모나코 급속,연중무휴,0:00,23:59,N,Y,0.0,3.0,Y,37.497434000000005,127.024526
19,서울시 서초구 서초2동주민센터,"토,일",9:00,18:00,Y,N,1.0,0.0,Y,37.492084999999996,127.02498899999999
20,한국타이어 서초점,연중무휴,0:00,23:59,N,Y,0.0,1.0,Y,37.487613,127.026182
21,예술의 전당,연중무휴,0:00,23:59,N,Y,0.0,1.0,Y,37.480241,127.014214
22,G5센트럴프라자,연중무휴,0:00,23:59,Y,N,2.0,0.0,Y,37.49541,127.01644099999999
23,신세계 강남점,연중무휴,9:00,18:00,N,Y,0.0,2.0,Y,37.503934,127.00241100000001
24,서울시 서초구 반포3동주민센터,"토,일",9:00,18:00,Y,N,1.0,0.0,Y,37.512046000000005,127.005623
25,서울시 서초구 반포2동주민센터,"토,일",9:00,18:00,Y,N,1.0,0.0,Y,37.504529,126.994472
26,서울오토갤러리,연중무휴,0:00,23:59,Y,N,3.0,0.0,Y,37.461837,127.035375
27,서울만남휴게소(부산방향),연중무휴,0:00,23:59,N,Y,0.0,2.0,Y,37.459644,127.042625
28,서울추모공원,연중무휴,0:00,23:59,N,Y,0.0,1.0,Y,37.452032,127.042823
29,남서울농협 하나로마트 우면점,연중무휴,0:00,23:59,N,Y,0.0,1.0,Y,37.456825,127.01598600000001
30,시민의숲동측 공영주차장,연중무휴,0:00,23:59,N,Y,0.0,2.0,Y,37.472231,127.038176
31,구룡공원 공영주차장,연중무휴,0:00,23:59,N,Y,0.0,2.0,Y,37.474127,127.04593500000001
32,하나로마트 양재점,연중무휴,0:00,23:59,Y,Y,2.0,1.0,Y,37.463229999999996,127.04353200000001
33,서울시 내곡동 주민센터,연중무휴,9:00,18:00,Y,N,1.0,0.0,Y,37.449359,127.058315
34,서울시 방배2동 주민센터,연중무휴,0:00,23:59,Y,N,1.0,0.0,Y,37.479727000000004,126.98551699999999
35,서울시립어린이병원,연중무휴,0:00,23:59,Y,Y,2.0,1.0,Y,37.455718,127.068854
36,서울시 서초구 방배1동주민센터,"토,일",9:00,18:00,Y,N,1.0,0.0,Y,37.483333,126.99451100000002
37,서초지사,연중무휴,0:00,23:00,N,Y,0.0,2.0,Y,37.485667,127.028077
38,서울시 서초구 잠원동주민센터,"토,일",9:00,18:00,Y,N,1.0,0.0,Y,37.514959999999995,127.01394599999999
39,서울시교원연수원,연중무휴,9:00,18:00,Y,N,3.0,0.0,Y,37.472161,126.997115
40,서초구청,연중무휴,0:00,23:59,Y,Y,4.0,1.0,Y,37.483625,127.03266
41,서울시인재개발원,연중무휴,0:00,23:59,N,Y,0.0,1.0,Y,37.481194,127.023435
42,서울시 서초구 방배본동주민센터,"토,일",9:00,18:00,Y,N,1.0,0.0,Y,37.494149,126.988804
43,현대강남자동차써비스㈜,일요일,8:30,18:00,N,Y,0.0,1.0,Y,37.474540000000005,127.04097900000001
44,서울시 이마트(양재점),연중무휴,0:00,23:59,Y,Y,4.0,3.0,Y,37.462468,127.036948
45,서울시 양재1동 주민센터,연중무휴,0:00,23:59,Y,N,1.0,0.0,Y,37.471672,127.02667
46,서울시 제이프러스 빌딩,공휴일,6:30,22:30,Y,N,1.0,0.0,Y,37.479626,127.03962
47,국립 중앙도서관,연중무휴,0:00,23:59,N,Y,0.0,2.0,Y,37.497422,127.00323
48,미도아파트 앞 공영주차장,연중무휴,0:00,23:59,N,Y,0.0,1.0,Y,37.500034,127.010427
49,서울시 서초구 방배4동주민센터,"토,일",9:00,18:00,Y,N,1.0,0.0,Y,37.489005999999996,126.99223500000001
50,서울시 서초구 방배3동주민센터,"토,일",9:00,18:00,Y,N,1.0,0.0,Y,37.47844,126.999977
51,서울백석예술대학교,연중무휴,0:00,23:59,Y,N,2.0,0.0,Y,37.480371000000005,126.996898
52,서울시 서초구 서초1동주민센터,"토,일",9:00,18:00,Y,N,1.0,0.0,Y,37.490190999999996,127.01946699999999
53,서울시 서초구 반포1동주민센터,"토,일",9:00,18:00,Y,N,1.0,0.0,Y,37.505094,127.013377
54,삼방주유소,연중무휴,0:00,23:59,N,Y,0.0,2.0,Y,37.503733000000004,127.02319399999999
55,용답동 공영주차장,연중무휴,0:00,0:00,N,Y,0,0,Y,37.56456295,127.0543072
56,성수2가 공영주차장,연중무휴,0:00,0:00,N,Y,0,0,Y,37.54912306,127.0551787
57,송정동 공영주차장,연중무휴,0:00,0:00,N,Y,0,0,Y,37.54996327,127.068071
58,용답동 공영주차장,연중무휴,0:00,0:00,N,Y,0,0,Y,37.56456295,127.0543072
59,성수2가 공영주차장,연중무휴,0:00,0:00,N,Y,0,0,Y,37.54912306,127.0551787
60,성수2가 공영주차장,연중무휴,0:00,0:00,N,Y,0,0,Y,37.54912306,127.0551787
61,성수2가 공영주차장,연중무휴,0:00,0:00,N,Y,0,0,Y,37.54912306,127.0551787
62,마장축산물시장 서문 공영주차장,연중무휴,0:00,0:00,N,Y,0,0,Y,37.57046895,127.0382965
63,서울시 성동소방서,연중무휴,0:00,0:00,Y,N,0,0,Y,37.553821,127.03961100000001
64,서울시 이마트(성수점),연중무휴,0:00,0:00,Y,N,0,0,Y,37.53982,127.05303899999998
65,서울시 이마트(성수점),연중무휴,0:00,0:00,Y,N,0,0,Y,37.53982,127.05303899999998
66,성동구 대명루첸아파트,연중무휴,0:00,0:00,Y,N,0,0,Y,37.53670177,127.05912509999999
67,서울시 성동구 보건소,연중무휴,0:00,0:00,Y,N,0,0,Y,37.567393,127.033103
68,숭실대학교,연중무휴,0:00,23:59,Y,N,1.0,0.0,Y,37.496429600000006,126.9551598
69,숭실대학교,연중무휴,0:00,23:59,Y,N,1.0,0.0,Y,37.496429600000006,126.9551598
70,남부수도사업소,연중무휴,0:00,23:59,Y,N,1.0,0.0,Y,37.49241456,126.9153994
71,남부수도사업소,연중무휴,0:00,23:59,Y,N,1.0,0.0,Y,37.49241456,126.9153994
72,남부수도사업소,연중무휴,0:00,23:59,Y,N,1.0,0.0,Y,37.49241456,126.9153994
73,남부수도사업소,연중무휴,0:00,23:59,Y,N,1.0,0.0,Y,37.49241456,126.9153994
74,사당4동주민센터,연중무휴,0:00,23:59,Y,N,1.0,0.0,N,37.48097701,126.97163529999999
75,사당5동주민센터,연중무휴,0:00,23:59,Y,N,1.0,0.0,N,37.48566105,126.96697959999999
76,중앙대학교102관,연중무휴,0:00,23:59,Y,N,1.0,0.0,Y,37.50472555,126.95383390000002
77,중앙대학교102관,연중무휴,0:00,23:59,Y,N,1.0,0.0,Y,37.50472555,126.95383390000002
78,중앙대학교303관,연중무휴,0:00,23:59,Y,N,1.0,0.0,Y,37.50472555,126.95383390000002
79,중앙대학교303관,연중무휴,0:00,23:59,Y,N,1.0,0.0,Y,37.50472555,126.95383390000002
80,중앙대학교305관,연중무휴,0:00,23:59,Y,N,1.0,0.0,Y,37.50472555,126.95383390000002
81,중앙대학교305관,연중무휴,0:00,23:59,Y,N,1.0,0.0,Y,37.50472555,126.95383390000002
82,중앙대학교309관,연중무휴,0:00,23:59,Y,N,1.0,0.0,Y,37.50472555,126.95383390000002
83,중앙대학교310관,연중무휴,0:00,23:59,Y,N,1.0,0.0,Y,37.50472555,126.95383390000002
84,중앙대학교310관,연중무휴,0:00,23:59,Y,N,1.0,0.0,Y,37.50472555,126.95383390000002
85,중앙대학교310관,연중무휴,0:00,23:59,Y,N,1.0,0.0,Y,37.50472555,126.95383390000002
86,중앙대학교102관,연중무휴,0:00,23:59,Y,N,1.0,0.0,Y,37.50472555,126.95383390000002
87,중앙대학교310관,연중무휴,0:00,23:59,Y,N,1.0,0.0,Y,37.50472555,126.95383390000002
88,중앙대학교102관,연중무휴,0:00,23:59,Y,N,1.0,0.0,Y,37.50472555,126.95383390000002
89,서울시 동작구 보건소,연중무휴,0:00,23:59,Y,N,1.0,0.0,Y,37.50444598,126.94109040000001
90,사당역 공영주차장,연중무휴,0:00,23:59,N,Y,0.0,1.0,Y,37.475527,126.983194
91,숭실대학교,연중무휴,0:00,23:59,Y,N,1.0,0.0,Y,37.496429600000006,126.9551598
92,숭실대학교,연중무휴,0:00,23:59,Y,N,1.0,0.0,Y,37.496429600000006,126.9551598
93,숭실대학교,연중무휴,0:00,23:59,Y,N,1.0,0.0,Y,37.496429600000006,126.9551598
94,숭실대학교,연중무휴,0:00,23:59,Y,N,1.0,0.0,Y,37.496429600000006,126.9551598
95,숭실대학교,연중무휴,0:00,23:59,Y,N,1.0,0.0,Y,37.496429600000006,126.9551598
96,숭실대학교,연중무휴,0:00,23:59,Y,N,1.0,0.0,Y,37.496429600000006,126.9551598
97,롯데하이마트 창동점,연중무휴,0:00,24:00:00,N,Y,0.0,1.0,Y,37.65292217,127.052168
98,홈플러스 방학점,연중무휴,0:00,24:00:00,N,Y,0.0,1.0,Y,37.66481829999999,127.04359939999999
99,마장동사무소 앞(공중전화부스),연중무휴,0:00,0:00,N,Y,0,0,Y,37.5658818,127.0463487
100,성동구청,연중무휴,0:00,0:00,N,Y,0,0,Y,37.56342359,127.03696640000001
101,마장축산물시장 서문 공영주차장,연중무휴,0:00,0:00,N,Y,0,0,Y,37.57046895,127.0382965
102,이마트 성수점(지상5층 주차장),연중무휴,10:00,23:00,N,Y,0,0,Y,37.53993004,127.05349270000002
103,이마트 성수점(지상5층 주차장),연중무휴,10:00,23:00,N,Y,0,0,Y,37.53993004,127.05349270000002
104,이마트 성수점(지상5층 주차장),연중무휴,10:00,23:00,N,Y,0,0,Y,37.53993004,127.05349270000002
105,이마트 성수점(지상5층 주차장),연중무휴,10:00,23:00,N,Y,0,0,Y,37.53993004,127.05349270000002
106,이마트 성수점(지상5층 주차장),연중무휴,10:00,23:00,N,Y,0,0,Y,37.53993004,127.05349270000002
107,이마트 성수점(지상5층 주차장),연중무휴,10:00,23:00,N,Y,0,0,Y,37.53993004,127.05349270000002
108,이마트 성수점(지상5층 주차장),연중무휴,10:00,23:00,N,Y,0,0,Y,37.53993004,127.05349270000002
109,이마트 성수점(지상5층 주차장),연중무휴,10:00,23:00,N,Y,0,0,Y,37.53993004,127.05349270000002
110,이마트 성수점(지상5층 주차장),연중무휴,10:00,23:00,N,Y,0,0,Y,37.53993004,127.05349270000002
111,이마트 성수점(지상5층 주차장),연중무휴,10:00,23:00,N,Y,0,0,Y,37.53993004,127.05349270000002
112,서울시여성가족재단,연중무휴,0:00,23:59,N,Y,0.0,1.0,Y,37.51161025,126.92722690000001
113,도봉구청,연중무휴,0:00,24:00:00,N,Y,0.0,2.0,Y,37.66871667,127.0471334
114,가로공원로 지상주차장,연중무휴,0:00,0:00,N,Y,0.0,5.0,N,37.5358287,126.8289856
115,강서수도사업소,연중무휴,9:00,18:00,Y,N,2.0,0.0,N,37.51953667,126.86987690000001
116,목1동주민센터,연중무휴,9:00,18:00,Y,N,1.0,0.0,N,37.53036455,126.8711885
117,목2동 주민센터,연중무휴,0:00,0:00,N,Y,0.0,1.0,N,37.54614341,126.8717
118,목5동주민센터,연중무휴,9:00,18:00,Y,N,1.0,0.0,N,37.53713,126.88171750000001
119,목동공영주차장,연중무휴,0:00,0:00,Y,Y,1.0,1.0,Y,37.52939263,126.8791051
120,서울시 도로환경처,연중무휴,9:00,18:00,Y,N,2.0,0.0,N,37.52977312,126.8776156
121,서울에너지공사 주차장,연중무휴,0:00,0:00,Y,Y,1.0,4.0,N,37.5401156,126.88370900000001
122,신월2동주민센터,연중무휴,9:00,18:00,Y,N,1.0,0.0,N,37.524918,126.844546
123,신월4동주민센터,연중무휴,9:00,18:00,Y,N,1.0,0.0,N,37.524618,126.8400794
124,신월5동 주민센터,연중무휴,0:00,0:00,N,Y,0.0,1.0,N,37.53858312,126.82717350000001
125,신월5동주민센터,연중무휴,9:00,18:00,Y,N,1.0,0.0,N,37.53858312,126.82717350000001
126,신월6동주민센터,연중무휴,9:00,18:00,Y,N,1.0,0.0,N,37.516090999999996,126.843648
127,신정1동 주민센터,연중무휴,0:00,0:00,N,Y,0.0,1.0,N,37.518551,126.8542864
128,신정1동주민센터,연중무휴,9:00,18:00,Y,N,1.0,0.0,N,37.518551,126.8542864
129,신정2동주민센터,연중무휴,9:00,18:00,Y,N,1.0,0.0,N,37.51921319,126.87067379999999
130,신정3동 넓은들 민원센터,연중무휴,0:00,0:00,N,Y,0.0,2.0,N,37.511439,126.8415147
131,신정6동주민센터,연중무휴,9:00,18:00,Y,N,1.0,0.0,N,37.51705815,126.86438829999999
132,양천구청,연중무휴,9:00,18:00,Y,N,2.0,0.0,Y,37.517075,126.866542
133,양천구청,연중무휴,0:00,0:00,N,Y,0.0,1.0,Y,37.51707502,126.86650800000001
134,해맞이공영주차장,연중무휴,0:00,0:00,N,Y,0.0,1.0,Y,37.52044756,126.8345682
135,현대남부서비스센터,연중무휴,0:00,23:59,N,Y,0.0,1.0,N,37.51394627,126.9344456
136,동작구청,연중무휴,0:00,23:59,N,Y,0.0,1.0,Y,37.51252922,126.9399439
137,숭실대학교,연중무휴,0:00,23:59,N,Y,0.0,1.0,Y,37.496429600000006,126.9551598
138,한국전력관악동작지사,연중무휴,0:00,23:00,N,Y,0.0,1.0,Y,37.47830829,126.98095670000001
139,중앙대학교303관,연중무휴,0:00,23:59,Y,N,1.0,0.0,Y,37.50472555,126.95383390000002
140,중앙대학교305관,연중무휴,0:00,23:59,Y,N,1.0,0.0,Y,37.50472555,126.95383390000002
141,중앙대학교305관,연중무휴,0:00,23:59,Y,N,1.0,0.0,Y,37.50472555,126.95383390000002
142,중앙대학교309관,연중무휴,0:00,23:59,Y,N,1.0,0.0,Y,37.50472555,126.95383390000002
143,중앙대학교310관,연중무휴,0:00,23:59,Y,N,1.0,0.0,Y,37.50472555,126.95383390000002
144,중앙대학교310관,연중무휴,0:00,23:59,Y,N,1.0,0.0,Y,37.50472555,126.95383390000002
145,중앙대학교310관,연중무휴,0:00,23:59,Y,N,1.0,0.0,Y,37.50472555,126.95383390000002
146,중앙대학교102관,연중무휴,0:00,23:59,Y,N,1.0,0.0,Y,37.50472555,126.95383390000002
147,중앙대학교310관,연중무휴,0:00,23:59,Y,N,1.0,0.0,Y,37.50472555,126.95383390000002
148,중앙대학교102관,연중무휴,0:00,23:59,Y,N,1.0,0.0,Y,37.50472555,126.95383390000002
149,서울시 동작구 보건소,연중무휴,0:00,23:59,Y,N,1.0,0.0,Y,37.50444598,126.94109040000001
150,현대차 남부서비스센터,연중무휴,0:00,23:59,N,Y,0.0,1.0,N,37.51394627,126.9344456
151,중앙대학교병원 다정관 주차장,연중무휴,0:00,23:59,N,Y,0.0,1.0,Y,37.506036200000004,126.96042
152,동작주차공원 공영주차장,연중무휴,0:00,23:59,N,Y,0.0,1.0,Y,37.50389272,126.97765690000001
153,중앙대학교303관,연중무휴,0:00,23:59,Y,N,1.0,0.0,Y,37.50472555,126.95383390000002
154,빅마켓 도봉점,연중무휴,10:00,22:00,N,Y,0.0,2.0,N,37.66766494,127.04555959999999
155,도봉구민회관,연중무휴,0:00,24:00:00,N,Y,0.0,1.0,Y,37.65416709,127.0386044
156,남부수도사업소,연중무휴,0:00,23:59,Y,N,1.0,0.0,Y,37.49241456,126.9153994
157,남부수도사업소,연중무휴,0:00,23:59,Y,N,1.0,0.0,Y,37.49241456,126.9153994
158,남부수도사업소,연중무휴,0:00,23:59,Y,N,1.0,0.0,Y,37.49241456,126.9153994
159,사당4동주민센터,연중무휴,0:00,23:59,Y,N,1.0,0.0,N,37.48097701,126.97163529999999
160,사당5동주민센터,연중무휴,0:00,23:59,Y,N,1.0,0.0,N,37.48566105,126.96697959999999
161,중앙대학교102관,연중무휴,0:00,23:59,Y,N,1.0,0.0,Y,37.50472555,126.95383390000002
162,중앙대학교102관,연중무휴,0:00,23:59,Y,N,1.0,0.0,Y,37.50472555,126.95383390000002
163,송파구청,없음,0:00,23:59,N,Y,0.0,1.0,Y,37.51447565,127.1058587
164,롯데마트 잠실점,"매월2,4주일요일",10:00,23:00,Y,Y,1.0,2.0,Y,37.51131078,127.0981404
165,복정역 공영주차장,없음,0:00,23:59,N,Y,0.0,1.0,Y,37.469749,127.126622
166,마천동1공영주차장,없음,0:00,23:59,N,Y,0.0,1.0,Y,37.4952716,127.1555608
167,정릉태영아파트,연중무휴,0:00,23:59,Y,N,2.0,0.0,Y,37.60614982,127.0157101
168,정릉힐스테이트,연중무휴,0:00,23:59,Y,N,2.0,0.0,Y,37.60301074,127.0159676
169,종암아이파크아파트,연중무휴,0:00,23:59,Y,N,4.0,0.0,Y,37.60280996,127.0293259
170,중계중앙하이츠아쿠아,연중무휴,0:00,23:59,Y,N,1.0,0.0,Y,37.61937376,127.00230619999999
171,한국국토정보공사 서울중부지사,연중무휴,0:00,18:00,Y,N,4.0,0.0,Y,37.58777242,127.0207604
172,정릉중앙하이츠아파트,연중무휴,0:00,23:59,Y,N,2.0,0.0,Y,37.61937376,127.00230619999999
173,대림어린이공원,x,0:00,0:00,N,Y,0.0,1.0,Y,37.49133176,126.9030162
174,롯데마트 양평점,o,10:00,22:00,N,Y,0.0,2.0,Y,37.52606589,126.891572
175,성애병원,x,0:00,0:00,N,Y,0.0,1.0,Y,37.51205054,126.92236909999998
176,한국장애인개발원 본사,x,9:00,19:00,N,Y,0.0,1.0,Y,37.52686988,126.9178436
177,홈플러스 영등포점,o,10:00,22:00,N,Y,0.0,1.0,N,37.5182397,126.89588020000001
178,당산에스에이치빌 아파트 앞,x,0:00,0:00,N,Y,0.0,1.0,N,37.52419721,126.90149699999999
179,신길제5동 주민센터,x,0:00,0:00,N,Y,0.0,1.0,N,37.5016416,126.90521899999999
180,영등포 제3공영 주차장,x,0:00,0:00,N,Y,0.0,1.0,Y,37.51628002,126.9055469
181,신길4동1마을공원 공영주차장,x,0:00,0:00,N,Y,0.0,1.0,Y,37.50715236,126.9116554
182,영등포구청 환승공영주차장,x,6:00,21:00,N,Y,0.0,1.0,Y,37.5247471,126.895522
183,대신시장 공중전화,x,0:00,0:00,N,Y,0.0,1.0,Y,37.51107124,126.9175497
184,당산노외 공영주차장,x,0:00,0:00,Y,Y,1.0,1.0,Y,37.52365797,126.9001612
185,남서울직할,x,0:00,0:00,N,Y,0.0,1.0,Y,37.5274781,126.9302904
186,영등포전력지사,x,0:00,0:00,N,Y,0.0,1.0,Y,37.51701737,126.91022620000001
187,남서울직할(영등포)지사,x,0:00,0:00,N,Y,0.0,1.0,Y,37.520317799999994,126.89276299999999
188,영남공영주차장,x,0:00,0:00,N,Y,0.0,1.0,Y,37.51946997,126.90258600000001
189,국회도서관,x,0:00,0:00,N,Y,0.0,3.0,Y,37.53291197,126.9164039
190,국회의원회관,x,0:00,0:00,N,Y,0.0,3.0,Y,37.53291197,126.9164039
191,롯데 빅마켓,o,10:00,22:00,N,Y,0.0,6.0,Y,37.52781676,126.9046832
192,영등포구청역 공영주차장,x,0:00,0:00,N,Y,0.0,1.0,Y,37.52463244,126.8947068
193,대림운동장,x,0:00,0:00,N,Y,0.0,1.0,Y,37.49967021,126.89399679999998
194,이마트 성수점(지상5층 주차장),연중무휴,10:00,23:00,N,Y,0,0,Y,37.53993004,127.05349270000002
195,세창주유소,연중무휴,0:00,23:59,N,Y,2.0,0.0,N,37.60880691,127.0294733
196,돈암일신건영휴먼빌아파트,연중무휴,0:00,23:59,Y,N,6.0,0.0,Y,37.60076937,127.0136162
197,래미안길음2차아파트,연중무휴,0:00,23:59,Y,N,2.0,0.0,Y,37.61080537,127.0206116
198,보문하우스토리입주자대표회의,연중무휴,0:00,23:59,Y,N,1.0,0.0,Y,37.584136799999996,127.02092040000001
199,정릉경남아파트,연중무휴,0:00,23:59,Y,N,6.0,0.0,Y,37.60484489,127.0178071
200,정릉꿈에그린,연중무휴,0:00,23:59,Y,N,3.0,0.0,Y,37.60185803,127.0111115
201,서울시 양재2동 주민센터,연중무휴,0:00,23:59,Y,N,1.0,0.0,Y,37.470644,127.04123
202,현대차 남부서비스센터,연중무휴,0:00,23:59,N,Y,0.0,1.0,N,37.51394627,126.9344456
203,중앙대학교병원 다정관 주차장,연중무휴,0:00,23:59,N,Y,0.0,1.0,Y,37.506036200000004,126.96042
204,동작주차공원 공영주차장,연중무휴,0:00,23:59,N,Y,0.0,1.0,Y,37.50389272,126.97765690000001
205,현대남부서비스센터,연중무휴,0:00,23:59,N,Y,0.0,1.0,N,37.51394627,126.9344456
206,동작구청,연중무휴,0:00,23:59,N,Y,0.0,1.0,Y,37.51252922,126.9399439
207,숭실대학교,연중무휴,0:00,23:59,N,Y,0.0,1.0,Y,37.496429600000006,126.9551598
208,한국전력관악동작지사,연중무휴,0:00,23:00,N,Y,0.0,1.0,Y,37.47830829,126.98095670000001
209,서울시여성가족재단,연중무휴,0:00,23:59,N,Y,0.0,1.0,Y,37.51161025,126.92722690000001
210,숭실대학교,연중무휴,0:00,23:59,Y,N,1.0,0.0,Y,37.496429600000006,126.9551598
211,숭실대학교,연중무휴,0:00,23:59,Y,N,1.0,0.0,Y,37.496429600000006,126.9551598
212,숭실대학교,연중무휴,0:00,23:59,Y,N,1.0,0.0,Y,37.496429600000006,126.9551598
213,숭실대학교,연중무휴,0:00,23:59,Y,N,1.0,0.0,Y,37.496429600000006,126.9551598
214,숭실대학교,연중무휴,0:00,23:59,Y,N,1.0,0.0,Y,37.496429600000006,126.9551598
215,숭실대학교,연중무휴,0:00,23:59,Y,N,1.0,0.0,Y,37.496429600000006,126.9551598
216,숭실대학교,연중무휴,0:00,23:59,Y,N,1.0,0.0,Y,37.496429600000006,126.9551598
217,숭실대학교,연중무휴,0:00,23:59,Y,N,1.0,0.0,Y,37.496429600000006,126.9551598
218,남부수도사업소,연중무휴,0:00,23:59,Y,N,1.0,0.0,Y,37.49241456,126.9153994
219,종로구_가회동주민센터,공휴일,9:00,18:00,Y,N,1.0,0.0,Y,37.58004996,126.98478899999999
220,서울시 성균관대학교 인문사회과학캠퍼스,연중무휴,0:00,23:59,Y,N,5.0,0.0,Y,37.58722985,126.99311609999998
221,경희궁3단지아파트302동,연중무휴,0:00,23:59,Y,N,4.0,0.0,N,37.56892752,126.96514540000001
222,경희궁3단지아파트306동,연중무휴,0:00,23:59,Y,N,3.0,0.0,N,37.56892752,126.96514540000001
223,춘원당한방박물관,연중무휴,9:00,18:00,Y,N,2.0,0.0,Y,37.571501899999994,126.99024240000001
224,SK서린빌딩,연중무휴,6:00,23:59,N,Y,0.0,2.0,Y,37.56969146,126.9803041
225,인왕산아이파크,연중무휴,0:00,23:59,Y,N,3.0,0.0,Y,37.57767108,126.9553557
226,광화문풍림스페이스본,연중무휴,0:00,23:59,Y,N,3.0,0.0,Y,37.5746552,126.968575
227,변산힐링밸리민박,연중무휴,0:00,23:59,Y,N,2.0,0.0,Y,37.57610457,126.9987457
228,성북벤처빌딩 공영주차장,연중무휴,0:00,23:59,N,Y,0.0,1.0,Y,37.60935729,127.05303500000001
229,고려대학교,연중무휴,0:00,23:59,N,Y,0.0,2.0,Y,37.58870342,127.03169809999999
230,고려대학교(자연과학),연중무휴,0:00,23:59,Y,Y,1.0,1.0,Y,37.58870342,127.03169809999999
231,성북구 보건소,연중무휴,9:00,18:00,Y,N,1.0,0.0,Y,37.60270967,127.0395315
232,이마트 하월곡점,연중무휴,0:00,23:59,Y,Y,2.0,8.0,Y,37.6050584,127.03098929999999
233,서경대학교 1주차장,연중무휴,0:00,23:55,Y,N,2.0,0.0,Y,37.61487175,127.0127852
234,서경대학교 2주차장,연중무휴,0:00,23:55,Y,N,5.0,0.0,Y,37.61487175,127.0127852
235,성북소방서,주말,9:00,18:00,Y,N,1.0,0.0,Y,37.60242371,127.03174920000001
236,한국예술종합학교(종로),연중무휴,0:00,22:00,N,Y,0.0,1.0,Y,37.58203308,126.9970157
237,서울역사박물관,연중무휴,0:00,23:59,N,Y,0.0,2.0,Y,37.57050028,126.9703743
238,부암동 주민센터,연중무휴,0:00,23:59,N,Y,0.0,1.0,Y,37.59241069,126.9640655
239,서울역사박물관,연중무휴,0:00,23:59,N,Y,0.0,1.0,Y,37.57050028,126.9703743
240,광화문시민열린마당 공영주차장,연중무휴,0:00,23:59,Y,Y,1.0,3.0,Y,37.575336,126.97888529999999
241,서울시 서울디자인 지원센터,연중무휴,0:00,23:59,Y,N,1.0,0.0,Y,37.57285709,127.00851259999999
242,서울시 종로소방서,연중무휴,9:00,18:00,Y,N,1.0,0.0,Y,37.57285191,126.97890859999998
243,더케이트윈타워,연중무휴,0:00,23:59,Y,N,1.0,0.0,Y,37.574726,126.9790213
244,대학로서울대학교병원,연중무휴,0:00,23:59,Y,N,2.0,0.0,Y,37.57791378,127.00039850000002
245,석탄회관 지하주차장,공휴일,8:00,22:00,N,Y,0.0,1.0,Y,37.57290982,126.98033490000002
246,국립현대미술관 서울관 주차장,연중무휴,0:00,23:59,N,Y,0.0,2.0,Y,37.57862929,126.9800889
247,종로구보건소,공휴일,9:00,18:00,Y,N,1.0,0.0,Y,37.58183089,126.96922409999999
248,종로구청,연중무휴,0:00,23:59,Y,N,1.0,0.0,Y,37.57319787,126.9788134
249,서울시청 차량지원실,공휴일,13:00,18:00,Y,N,1.0,0.0,Y,37.57066849,126.9660139
250,종로구_무악동주민센터,공휴일,9:00,18:00,Y,N,1.0,0.0,Y,37.57599986,126.95815959999999
251,종로구_교남동주민센터,공휴일,9:00,18:00,Y,N,1.0,0.0,Y,37.57191423,126.96196090000002
252,종로구_창신1동주민센터,공휴일,9:00,18:00,Y,N,1.0,0.0,Y,37.5707191,127.016341
253,종로구_창신3동주민센터,공휴일,9:00,18:00,Y,N,1.0,0.0,Y,37.57802821,127.01455849999999
254,종로구_숭인1동주민센터,공휴일,9:00,18:00,Y,N,1.0,0.0,Y,37.57782264,127.01562709999999
255,종로구_숭인2동주민센터,공휴일,9:00,18:00,Y,N,1.0,0.0,Y,37.57487394,127.01995990000002
256,내수동경희궁파크팰리스,연중무휴,0:00,23:59,Y,N,3.0,0.0,Y,37.57393132,126.9705903
257,서울시청 차량지원실,공휴일,13:00,18:00,Y,N,6.0,0.0,Y,37.57066849,126.9660139
258,서울시 종로소방서,공휴일,9:00,18:00,Y,N,1.0,0.0,Y,37.57285191,126.97890859999998
259,자양4동주민센터,연중무휴,9:00,18:00,Y,N,1.0,0.0,N,37.534055,127.06404199999999
260,자양3동주민센터,연중무휴,0:00,23:59,Y,N,1.0,0.0,N,37.533794,127.070701
261,자양2동주민센터,연중무휴,0:00,23:59,Y,N,1.0,0.0,N,37.528775,127.08235800000001
262,자양1동주민센터,연중무휴,9:00,18:00,Y,N,1.0,0.0,N,37.53451232,127.0824662
263,구의3동주민센터,"매주 토, 일",9:00,18:00,Y,N,1.0,0.0,N,37.538066,127.089692
264,구의2동주민센터,연중무휴,9:00,18:00,Y,N,1.0,0.0,N,37.547202,127.087722
265,광장동주민센터,연중무휴,0:00,23:59,Y,N,1.0,0.0,N,37.546803999999995,127.100931
266,능동주민센터,연중무휴,0:00,23:59,Y,N,1.0,0.0,N,37.553717,127.07834299999999
267,종묘 공영주차장,연중무휴,0:00,23:59,N,Y,0.0,1.0,Y,37.57313479,126.9948652
268,세종로 공영주차장,연중무휴,0:00,23:59,N,Y,0.0,1.0,N,37.57343159,126.9759607
269,태화빌딩,연중무휴,0:00,23:59,N,Y,0.0,1.0,Y,37.57198786,126.9848405
270,광진구청 주차장,연중무휴,0:00,23:59,N,Y,0.0,1.0,N,37.53826753,127.08203470000001
271,자양2동유수지 공영주차장,연중무휴,0:00,23:59,N,Y,0.0,2.0,Y,37.52938581,127.0775284
272,중곡4동주민센터,연중무휴,9:00,18:00,Y,N,1.0,0.0,N,37.559053000000006,127.087223
273,중곡3동주민센터,연중무휴,9:00,18:00,Y,N,1.0,0.0,N,37.561252,127.069992
274,중곡2동주민센터,연중무휴,9:00,18:00,Y,N,1.0,0.0,N,37.559053000000006,127.087223
275,중곡1동주민센터,연중무휴,9:00,18:00,Y,N,1.0,0.0,N,37.560511,127.07786399999999
276,군자동주민센터,연중무휴,0:00,23:59,Y,N,1.0,0.0,N,37.555122,127.07368799999999
277,화양동주민센터,"매주 토, 일",9:00,12:00,Y,N,1.0,0.0,N,37.546406,127.069138
278,이마트 성수점(지상5층 주차장),연중무휴,10:00,23:00,N,Y,0,0,Y,37.53993004,127.05349270000002
279,그랜드앰배서더 서울,연중무휴,0:00,23:59,N,Y,0.0,1.0,N,37.560133,127.0023044
280,제일모직아울렛 건너편(공중전화부스),연중무휴,0:00,0:00,N,Y,0.0,1.0,N,37.47438522,126.88830800000001
281,홈플러스 시흥점,"2,4째 일요일",10:00,23:59,N,Y,0.0,1.0,Y,37.4519767,126.90075800000001
282,독산1동 공영주차장,연중무휴,0:00,0:00,N,Y,0.0,1.0,Y,37.46494122,126.89481570000001
283,롯데VIC마켓금천점,연중무휴,0:00,0:00,N,Y,0.0,2.0,Y,37.47062285,126.8956692
284,가산동 공영주차장,연중무휴,0:00,0:00,N,Y,0.0,1.0,Y,37.476695,126.895518
285,시티렉스,연중무휴,0:00,0:00,N,Y,0.0,1.0,Y,37.469327299999996,126.897052
286,기아 시흥 서비스센터,토일,8:30,17:30,N,Y,0.0,1.0,N,37.4523705,126.8983483
287,금천구청,연중무휴,6:00,23:00,N,Y,0.0,1.0,Y,37.45706565,126.8960369
288,시흥4동 공영주차장,연중무휴,0:00,0:00,N,Y,0.0,1.0,Y,37.45934816,126.90935079999998
289,홈플러스 금천점,"2,4째 일요일",10:00,23:59,N,Y,0.0,2.0,Y,37.468649299999996,126.8968106
290,동일테크노타운2차,연중무휴,6:00,23:00,N,Y,0.0,1.0,Y,37.46922332,126.8933764
291,마리오아울렛3관,연중무휴,0:00,0:00,N,Y,0.0,2.0,Y,37.47844577,126.8850808
292,금호동래미안하이리버,연중무휴,0:00,0:00,Y,N,0,0,Y,37.55227254,127.02423619999999
293,금호동래미안하이리버,연중무휴,0:00,0:00,Y,N,0,0,Y,37.55227254,127.02423619999999
294,광진성동지사,연중무휴,9:00,18:00,N,Y,0,0,Y,37.5677096,127.03405719999999
295,서울시 금호1가동 주민센터,주말및공휴일,10:00,17:00,Y,N,0,0,Y,37.554836,127.02173400000001
296,서울시 금호4가동 주민센터,연중무휴,9:30,17:30,Y,N,0,0,Y,37.547171999999996,127.022246
297,서울시 응봉동 주민센터,연중무휴,9:00,18:00,Y,N,0,0,Y,37.55313887,127.03340320000001
298,신금호파크자이,연중무휴,0:00,0:00,N,Y,0,0,Y,37.55628488,127.01815320000001
299,신금호파크자이,연중무휴,0:00,0:00,Y,N,0,0,Y,37.55628488,127.01815320000001
300,신금호파크자이,연중무휴,0:00,0:00,Y,N,0,0,Y,37.55628488,127.01815320000001
301,신금호파크자이,연중무휴,0:00,0:00,Y,N,0,0,Y,37.55628488,127.01815320000001
302,신금호파크자이,연중무휴,0:00,0:00,Y,N,0,0,Y,37.55628488,127.01815320000001
303,성수동 대림로즈빌아파트,연중무휴,0:00,0:00,Y,N,0,0,Y,37.5416632,127.045777
304,행당동신동아아파트,연중무휴,0:00,0:00,Y,N,0,0,Y,37.55410514,127.0319551
305,행당동신동아아파트,연중무휴,0:00,0:00,Y,N,0,0,Y,37.55410514,127.0319551
306,성수동아이파크,연중무휴,0:00,0:00,Y,N,0,0,Y,37.54792592,127.05647240000002
307,어울림더리버,연중무휴,0:00,0:00,Y,N,0,0,Y,37.54185092,127.0178872
308,서울숲 포휴,연중무휴,8:00,18:00,Y,N,0,0,Y,37.54269417,127.04520729999999
309,서울숲 포휴,연중무휴,8:00,18:00,Y,N,0,0,Y,37.54269417,127.04520729999999
310,효창동 주민센터,연중무휴,0:00,23:59,Y,N,1.0,0.0,n,37.542338,126.962043
311,홍은1동주민센터 전기차충전소,"주말, 공휴일",9:00,18:00,Y,N,1.0,0.0,N,37.59885182,126.94714450000001
312,홍은2동주민센터 전기차충전소,"주말, 공휴일",9:00,18:00,Y,N,1.0,0.0,N,37.58010825,126.93415209999999
313,홍제견인차량보관소 주차장 전기차충전소,X,0:00,0:00,Y,Y,1.0,1.0,N,37.590833700000005,126.9410088
314,홍제2동주민센터 전기차충전소,"주말, 공휴일",9:00,18:00,Y,N,1.0,0.0,N,37.58610556,126.94936809999999
315,홍제3동주민센터 전기차충전소,"주말, 공휴일",9:00,18:00,Y,N,1.0,0.0,N,37.5937254,126.9496936
316,북가좌1동주민센터 전기차충전소,"주말, 공휴일",9:00,18:00,Y,N,1.0,0.0,N,37.574369299999994,126.91013570000001
317,북가좌2동주민센터 전기차충전소,"주말, 공휴일",9:00,18:00,Y,N,1.0,0.0,N,37.5814484,126.91117779999999
318,남가좌1동주민센터 전기차충전소,"주말, 공휴일",9:00,18:00,Y,N,1.0,0.0,N,37.5732691,126.9197817
319,남가좌2동주민센터,"주말, 공휴일",9:00,18:00,Y,N,1.0,0.0,N,37.57843343,126.92386529999999
320,천연동주민센터 전기차충전소,"주말, 공휴일",9:00,18:00,Y,N,1.0,0.0,N,37.57111318,126.9590679
321,신촌동주민센터 전기차중전소,"주말, 공휴일",9:00,18:00,Y,N,1.0,0.0,N,37.55954878,126.94350530000001
322,충현동주민센터 전기차중전소,"주말, 공휴일",9:00,18:00,Y,N,1.0,0.0,N,37.56480823,126.95472050000001
323,홍은1동 제4공영주차장 전기차충전소,X,0:00,0:00,N,Y,0.0,1.0,Y,37.60152686,126.949151
324,서대문구청 광장 전기차충전소,X,0:00,0:00,Y,Y,1.0,1.0,Y,37.57915463,126.93675479999999
325,그랜드힐튼호텔,X,0:00,0:00,N,Y,0.0,1.0,N,37.58941077,126.93535770000001
326,금호동래미안하이리버,연중무휴,0:00,0:00,Y,N,0,0,Y,37.55227254,127.02423619999999
327,금호초등학교,연중무휴,0:00,0:00,Y,N,0,0,Y,37.55189839,127.02075500000001
328,헤이그라운드,연중무휴,0:00,0:00,Y,N,0,0,Y,37.54447353,127.0477793
329,성수동동아그린아파트,연중무휴,0:00,0:00,Y,N,0,0,Y,37.55085954,127.04842620000001
330,성수동동아그린아파트,연중무휴,0:00,0:00,Y,N,0,0,Y,37.55085954,127.04842620000001
331,성수동동아그린아파트,연중무휴,0:00,0:00,Y,N,0,0,Y,37.55085954,127.04842620000001
332,동부수도사업소,연중무휴,0:00,0:00,Y,N,0,0,Y,37.55927589,127.03538429999999
333,동부수도사업소,연중무휴,0:00,0:00,Y,N,0,0,Y,37.55927589,127.03538429999999
334,동부수도사업소,연중무휴,0:00,0:00,Y,N,0,0,Y,37.55927589,127.03538429999999
335,동부수도사업소,연중무휴,0:00,0:00,Y,N,0,0,Y,37.55927589,127.03538429999999
336,린하우스,연중무휴,0:00,0:00,N,Y,0,0,Y,37.55111146,127.04930449999999
337,금호동래미안하이리버,연중무휴,0:00,0:00,Y,N,0,0,Y,37.55227254,127.02423619999999
338,금호동래미안하이리버,연중무휴,0:00,0:00,Y,N,0,0,Y,37.55227254,127.02423619999999
339,서울시 성수2가1동 주민센터,연중무휴,0:00,0:00,Y,N,0,0,Y,37.539413,127.05401
340,서울시 송정동 주민센터,연중무휴,0:00,0:00,Y,N,0,0,Y,37.554466999999995,127.069624
341,서울시 시설관리공단,연중무휴,0:00,0:00,Y,N,0,0,Y,37.571583000000004,127.036142
342,서울시 시설관리공단,연중무휴,0:00,0:00,Y,N,0,0,Y,37.571583000000004,127.036142
343,서울시 왕십리2동 주민센터,연중무휴,0:00,0:00,Y,N,0,0,Y,37.561005,127.030528
344,성수동아이파크,연중무휴,0:00,0:00,Y,N,0,0,Y,37.54792592,127.05647240000002
345,성수동아이파크,연중무휴,0:00,0:00,Y,N,0,0,Y,37.54792592,127.05647240000002
346,성수동아이파크,연중무휴,0:00,0:00,Y,N,0,0,Y,37.54792592,127.05647240000002
347,성수동아이파크,연중무휴,0:00,0:00,Y,N,0,0,Y,37.54792592,127.05647240000002
348,서울새활용플라자,연중무휴,0:00,0:00,Y,N,0,0,Y,37.558576,127.05830300000001
349,서울새활용플라자,연중무휴,0:00,0:00,Y,N,0,0,Y,37.558576,127.05830300000001
350,서울새활용플라자,연중무휴,0:00,0:00,Y,N,0,0,Y,37.558576,127.05830300000001
351,청계대주파크빌,연중무휴,0:00,0:00,Y,N,0,0,Y,37.56746527,127.03139479999999
352,마장동중앙하이츠아파트,연중무휴,0:00,0:00,Y,N,0,0,Y,37.56535816,127.03935790000001
353,서울숲아이파크,연중무휴,0:00,0:00,Y,N,0,0,Y,37.55250012,127.06870259999998
354,서울숲아이파크,연중무휴,0:00,0:00,Y,N,0,0,Y,37.55250012,127.06870259999998
355,성수동 대림로즈빌아파트,연중무휴,0:00,0:00,Y,N,0,0,Y,37.5416632,127.045777
356,성수우방2차아파트,연중무휴,0:00,0:00,Y,N,0,0,Y,37.54866342,127.05148020000001
357,성수우방2차아파트,연중무휴,0:00,0:00,Y,N,0,0,Y,37.54866342,127.05148020000001
358,서울숲IT캐슬,연중무휴,0:00,0:00,Y,N,0,0,Y,37.55097994,127.0447189
359,서울숲IT캐슬,연중무휴,0:00,0:00,Y,N,0,0,Y,37.55097994,127.0447189
360,성수동금강아미움,연중무휴,0:00,0:00,Y,N,0,0,Y,37.54672068,127.0595358
361,도선동공영주차장,연중무휴,0:00,0:00,Y,N,0,0,Y,37.56550468,127.03147549999998
362,왕십리KCC스위첸,연중무휴,0:00,0:00,Y,N,0,0,Y,37.5606044,127.0268737
363,왕십리KCC스위첸,연중무휴,0:00,0:00,Y,N,0,0,Y,37.5606044,127.0268737
364,북한산국립공원 정릉 주차장(정릉탐방지원센터),연중무휴,0:00,23:59,N,Y,0.0,1.0,Y,37.6184681,126.99690249999999
365,이마트 미아점,연중무휴,0:00,23:59,Y,Y,1.0,2.0,Y,37.61085386,127.02986820000001
366,국민대,연중무휴,0:00,23:59,N,Y,0.0,2.0,Y,37.61028820000001,126.99852309999999
367,전쟁기념관,월요일 휴무?(월요일이 포함된 연휴때는 연휴 다음날 휴관),9:00,18:00,N,Y,0.0,3.0,y,37.536518,126.974447
368,보광동 주민센터,주중 09:00~18:00/주말 x,9:00,18:00,Y,N,1.0,0.0,n,37.526157,127.000327
369,용산전자상가,연중무휴,0:00,23:59,Y,N,3.0,0.0,y,37.532892,126.958258
370,청파동 주민센터,연중무휴,0:00,23:59,Y,N,1.0,0.0,n,37.545226,126.96987309999999
371,용산파크자이,연중무휴,0:00,23:59,Y,N,5.0,0.0,n,37.536676,126.97294699999999
372,용산역 아이파크몰,주중/주말,0:00,23:59,N,Y,11.0,10.0,y,37.5297718,126.963895
373,서울용산_웅비기업,연중무휴,0:00,23:59,Y,N,2.0,0.0,y,37.541073,126.9725561
374,한강트럼프월드3차,연중무휴,0:00,23:59,Y,N,4.0,0.0,n,37.523244,126.96312900000001
375,국방부 서문 주차장,연중무휴,0:00,23:59,N,Y,0.0,1.0,n,37.533175,126.97551100000001
376,용산아스테리움,연중무휴,0:00,23:59,Y,N,5.0,0.0,n,37.527335,126.968951
377,한강로동 주민센터,주중 09:00~18:00/주말 x,0:00,23:59,Y,N,1.0,0.0,n,37.527567,126.968245
378,KCC IT 타워,연중무휴,0:00,23:59,N,Y,0.0,1.0,y,37.54844358,126.972274
379,용산주차빌딩,연중무휴,0:00,23:59,N,Y,3.0,1.0,y,37.534377,126.964327
380,용산전자상가1 공영주차장,8:00~22:00 이외 무료,0:00,23:59,N,Y,0.0,1.0,y,37.532293,126.963895
381,한국타이어 한남점,연중무휴,0:00,23:59,Y,Y,1.0,2.0,n,37.535548999999996,127.006099
382,이태원2동공영주차장,연중무휴(명절 무료개방),0:00,23:59,Y,Y,1.0,2.0,y,37.540439,126.992604
383,이태원2동 주민센터,주중 09:00~18:00/주말x,0:00,23:59,Y,N,1.0,0.0,n,37.542043,126.98993300000001
384,원효2동 주민센터,"주말 휴무, 평일 9:00~18:00",0:00,23:59,Y,N,1.0,0.0,n,37.534495,126.95141799999999
385,후암동 주민센터,연중무휴,0:00,23:59,Y,N,1.0,0.0,n,37.548708000000005,126.97808500000001
386,용산구청,7:00~22:00 (22:00이후 폐쇄),9:00,18:00,Y,N,5.0,0.0,y,37.53245229,126.99047879999999
387,남영동 주민센터,연중무휴,0:00,23:59,Y,N,1.0,0.0,n,37.546102000000005,126.9748246
388,용산보건소 보건분소,연중무휴,0:00,23:59,Y,N,1.0,0.0,y,37.538537,126.965977
389,이태원1동 주민센터,주중 09:00~18:00/주말 x,9:00,18:00,Y,N,1.0,0.0,n,37.532433000000005,126.99500800000001
390,용산 오산고등학교,학교 운영시간 내 이용가능,0:00,23:59,Y,N,1.0,0.0,n,37.523639,126.998424
391,용문동 주민센터,연중무휴,0:00,23:59,Y,N,1.0,0.0,n,37.539052000000005,126.957802
392,서빙고동 주민센터,연중무휴,9:00,18:00,Y,N,1.0,0.0,n,37.520157,126.99463100000001
393,용산파크타워,연중무휴,0:00,23:59,Y,Y,3.0,1.0,n,37.527817,126.97038300000001
394,용산2가동 주민센터,연중무휴,0:00,23:59,Y,N,1.0,0.0,y,37.545858,126.98533799999998
395,국립 중앙 박물관,주중 06:00~22:00 (명절휴무),0:00,23:59,Y,Y,3.0,6.0,y,37.524128000000005,126.979157
396,신창동 공영주차장,연중무휴,0:00,23:59,N,Y,0.0,1.0,y,37.535326,126.955463
397,이촌2동 주민센터,연중무휴,0:00,23:59,Y,N,1.0,0.0,n,37.526128,126.95488700000001
398,LG한강자이아파트입주자대표회의,연중무휴,0:00,23:59,Y,N,4.0,0.0,n,37.52035551,126.9713608
399,이촌1동 주민센터,주중 06:00~22:00/토요일 08:00~18:00/일요일 09:00~18:00,0:00,23:59,Y,N,1.0,0.0,n,37.521594,126.97314399999999
400,한남동 공영주차장,연중무휴,0:00,23:59,Y,Y,1.0,2.0,y,37.536859,127.00139399999999
401,한일병원,연중무휴,0:00,24:00:00,N,Y,0.0,1.0,Y,37.64668449,127.02905759999999
402,쌍문2동 제3공영주차장,연중무휴,0:00,24:00:00,N,Y,0.0,1.0,Y,37.661333,127.03865400000001
403,도봉산환승주차장,연중무휴,0:00,24:00:00,N,Y,0.0,1.0,Y,37.69047896,127.0422447
404,도봉기적의 도서관,연중무휴,0:00,24:00:00,N,Y,0.0,1.0,Y,37.68080297,127.050169
405,쌍문3동 제2공영주차장,연중무휴,0:00,24:00:00,N,Y,0.0,1.0,Y,37.649522,127.029375
406,홈프러스 신도림점,연중무휴,0:00,0:00,N,Y,0.0,1.0,N,37.50904858,126.8869872
407,고척스카이돔,연중무휴,0:00,0:00,N,Y,0.0,3.0,N,37.49821221,126.8670867
408,신도림테크노마트,연중무휴,0:00,0:00,N,Y,3.0,2.0,Y,37.5070442,126.8902294
409,롯데마트 구로점,"매월 2,4주 일요일",10:00,0:00,N,Y,0.0,1.0,N,37.498286900000004,126.872754
410,구로구청,연중무휴,0:00,0:00,Y,Y,9.0,1.0,N,37.49582991,126.88790729999998
411,천왕역,연중무휴,0:00,0:00,N,Y,0.0,1.0,Y,37.487258000000004,126.839174
412,구로리공원,연중무휴,0:00,0:00,N,Y,0.0,1.0,N,37.49158776,126.891558
413,고척근린공원,연중무휴,0:00,0:00,N,Y,0.0,1.0,N,37.50658242,126.8532783
414,구로4동 공영주차장,연중무휴,0:00,0:00,N,Y,0.0,1.0,N,37.489868,126.88655929999999
415,스마트위례주유소,없음,0:00,23:59,N,Y,0.0,1.0,N,37.47535254,127.1322895
416,가든파이브주유소,없음,0:00,0:00,N,Y,0.0,1.0,N,37.47583764,127.1236395
417,삼전동공영주차장,없음,0:00,0:00,Y,N,1.0,0.0,N,37.500248299999996,127.0958777
418,서울시 잠실실내체육관,없음,0:00,0:00,Y,N,1.0,0.0,N,37.51619977,127.0759403
419,송파공영주차장,없음,0:00,0:00,N,Y,0.0,1.0,N,37.507036,127.11334
420,서울시 송파소방서,없음,0:00,0:00,Y,N,1.0,0.0,N,37.49983354,127.14259209999999
421,한국광고문화회관,없음,0:00,0:00,N,Y,0.0,1.0,N,37.51592627,127.099604
422,수협중앙회,없음,0:00,0:00,Y,N,1.0,0.0,N,37.51638252,127.105461
423,잠실푸르지오월드마크,없음,0:00,0:00,Y,N,1.0,0.0,N,37.51748354,127.10344679999999
424,롯데쇼핑㈜,없음,0:00,0:00,Y,N,4.0,0.0,N,37.51442618,127.100604
425,서울동부지방검찰청,없음,0:00,0:00,Y,N,2.0,0.0,N,37.4827956,127.1179932
426,문정근린공원,없음,9:00,18:00,N,Y,0.0,1.0,N,37.48647009,127.1265244
427,송파농업협동조합(교보리얼코),없음,0:00,0:00,Y,N,2.0,0.0,N,37.48408107,127.1226807
428,아이티벤처타워관리단,없음,0:00,0:00,Y,N,3.0,0.0,N,37.49509524,127.1224273
429,빠른병원,없음,0:00,0:00,Y,N,2.0,0.0,N,37.50746595,127.109609
430,쌍용프라자,없음,7:00,23:00,Y,N,2.0,0.0,N,37.49466204,127.12985379999999
431,아시아공원 공영주차장,없음,0:00,23:59,N,Y,0.0,3.0,Y,37.51068203,127.0759347
432,방이동 공영주차장,없음,0:00,23:59,N,Y,0.0,1.0,Y,37.5135636,127.11386110000001
433,롯데월드타워&몰지하주차장,없음,0:00,23:59,Y,Y,112.0,6.0,Y,37.5137525,127.104454
434,마천동2공영주차장,없음,0:00,23:59,N,Y,0.0,1.0,Y,37.494278200000004,127.1562452
435,거여동공영주차장,없음,0:00,23:59,N,Y,0.0,1.0,Y,37.492231,127.150322
436,천마공영주차장,없음,0:00,23:59,N,Y,0.0,1.0,Y,37.500246999999995,127.15483700000001
437,신천유수지 공영주차장,없음,0:00,23:59,Y,Y,1.0,1.0,Y,37.5223926,127.10298300000001
438,잠실역 공영주차장,없음,0:00,23:59,Y,Y,3.0,1.0,Y,37.5137525,127.1044541
439,딜라이트 호텔,없음,0:00,23:59,N,Y,0.0,1.0,Y,37.515350700000006,127.10931219999999
440,가락시장,없음,0:00,23:59,N,Y,0.0,3.0,Y,37.49646652,127.11345520000002
441,서울시 농수산식품공사 친환경농산물 집배송센터,없음,0:00,23:59,Y,N,1.0,0.0,Y,37.49646652,127.11345520000002
442,서울시 농수산식품공사 가락몰 판매동,없음,0:00,23:59,Y,N,3.0,0.0,Y,37.49646652,127.11345520000002
443,서울시 농수산식품공사 가락몰 관리업무동,없음,0:00,23:59,Y,N,3.0,0.0,Y,37.49646652,127.11345520000002
444,서울시 대명레저산업 본사,없음,0:00,23:59,Y,N,2.0,0.0,Y,37.487056,127.1183074
445,롯데마트 송파점,"매월2,4주일요일",10:00,23:00,N,Y,0.0,1.0,Y,37.49176258,127.1178672
446,서울과학기술대학교,연중무휴,0:00,23:59,N,Y,0,1.0,N,37.6324657,127.078607
447,서울과학기술대학교,연중무휴,0:00,23:59,N,Y,0,1.0,N,37.6324657,127.078607
448,서울과학기술대학교,연중무휴,0:00,23:59,N,Y,0,1.0,N,37.6324657,127.078607
449,중계현대2차아파트,연중무휴,0:00,23:59,Y,N,1.0,0,N,37.64809209,127.0846137
450,중계현대2차아파트,연중무휴,0:00,23:59,Y,N,1.0,0,N,37.64809209,127.0846137
451,순복음노원교회_증설,연중무휴,0:00,23:59,Y,N,1.0,0,N,37.656025,127.067609
452,이마트 월계점,연중무휴,10:00,23:00,N,Y,0,1.0,N,37.62650774,127.0619783
453,상계2차중앙하이츠아파트,연중무휴,0:00,23:59,Y,N,1.0,0,N,37.65452844,127.0683522
454,SH공사노원센터,연중무휴,0:00,23:59,Y,N,1.0,0,N,37.62924793,127.059665
455,SH공사노원센터,연중무휴,0:00,23:59,Y,N,1.0,0,N,37.62924793,127.059665
456,초안아파트,연중무휴,0:00,23:59,Y,N,1.0,0,N,37.63301011,127.0440294
457,노원구청,연중무휴,15:00,18:00,Y,N,1.0,0,N,37.65458133,127.0569837
458,노원구청,연중무휴,15:00,18:00,Y,N,1.0,0,N,37.65458133,127.0569837
459,서울시 상계9동 주민센터,연중무휴,0:00,23:59,Y,N,1.0,0,N,37.664592,127.063856
460,광운대학교,연중무휴,0:00,23:59,N,Y,0,1.0,Y,37.619431899999995,127.059895
461,서울시 광운대학교,연중무휴,0:00,23:59,Y,N,1.0,0,N,37.619431899999995,127.059895
462,서울시 광운대학교,연중무휴,0:00,23:59,Y,N,1.0,0,N,37.619431899999995,127.059895
463,서울시 광운대학교,연중무휴,0:00,23:59,Y,N,1.0,0,N,37.619431899999995,127.059895
464,서울시 광운대학교,연중무휴,0:00,23:59,Y,N,1.0,0,N,37.619431899999995,127.059895
465,서울시 광운대학교,연중무휴,0:00,23:59,Y,N,1.0,0,N,37.619431899999995,127.059895
466,시민생활사박물관,연중무휴,0:00,23:59,Y,N,1.0,0,N,37.620174,127.0769385
467,시민생활사박물관,연중무휴,0:00,23:59,Y,N,1.0,0,N,37.620174,127.0769385
468,시민생활사박물관,연중무휴,0:00,23:59,Y,N,1.0,0,N,37.620174,127.0769385
469,시민생활사박물관,연중무휴,0:00,23:59,Y,N,1.0,0,N,37.620174,127.0769385
470,순복음노원교회,연중무휴,0:00,23:59,Y,N,1.0,0,N,37.65591286,127.067456
471,삼육대학교,연중무휴,0:00,23:59,N,Y,0,1.0,N,37.64335827,127.10885139999999
472,삼육대학교,연중무휴,0:00,23:59,N,Y,0,1.0,N,37.64335827,127.10885139999999
473,순복음노원교회_증설,연중무휴,0:00,23:59,Y,N,1.0,0,N,37.656015999999994,127.06764199999999
474,이마트 월계점,연중무휴,10:00,23:00,Y,N,1.0,0,N,37.626567,127.061995
475,이마트 월계점,연중무휴,10:00,23:00,Y,N,1.0,0,N,37.626567,127.061995
476,이마트 월계점,연중무휴,10:00,23:00,N,Y,0,1.0,N,37.626567,127.061995
477,진원종합관리주식회사,연중무휴,9:00,18:00,Y,N,1.0,0,N,37.622103,127.086597
478,서울시 LGBESTSHOP(노원본점),연중무휴,0:00,23:59,Y,N,1.0,0,N,37.628607,127.070966
479,서울시 이마트(월계점),연중무휴,0:00,23:59,Y,N,1.0,0,N,37.626678000000005,127.05972040000002
480,서울시 상계10동 주민센터,연중무휴,0:00,23:59,Y,N,1.0,0,N,37.661451,127.06024099999999
481,서울시 상계5동 주민센터,연중무휴,0:00,23:59,Y,N,1.0,0,N,37.663132,127.0671703
482,서울시 상계8동 주민센터,연중무휴,0:00,23:59,Y,N,1.0,0,N,37.666821999999996,127.05152700000001
483,서울시 월계1동 주민센터,연중무휴,0:00,23:59,Y,N,1.0,0,N,37.620096999999994,127.06291399999999
484,서울시 월계헬스케어센터,연중무휴,0:00,23:59,Y,N,1.0,0,N,37.631559,127.061525
485,서울시 중계4동 주민센터,연중무휴,0:00,23:59,Y,N,1.0,0,N,37.658966,127.07801200000002
486,서울시립과학관,연중무휴,0:00,23:59,Y,N,1.0,0,N,37.64199556,127.0774368
487,서울시립과학관,연중무휴,0:00,23:59,Y,N,1.0,0,N,37.64199556,127.0774368
488,서울시립과학관,연중무휴,0:00,23:59,Y,N,1.0,0,N,37.64199556,127.0774368
489,초안아파트,연중무휴,0:00,23:59,Y,N,1.0,0,N,37.63301011,127.0440294
490,상계대림아파트,연중무휴,0:00,23:59,Y,N,1.0,0,N,37.66216156,127.0743071
491,상계대림아파트,연중무휴,0:00,23:59,Y,N,1.0,0,N,37.66216156,127.0743071
492,노원구청,연중무휴,0:00,23:59,Y,N,1.0,0,N,37.65458133,127.0569837
493,노원구청,연중무휴,0:00,23:59,Y,N,1.0,0,N,37.65458133,127.0569837
494,인재개발원,연중무휴,6:00,23:00,Y,N,1.0,0,N,37.6351988,127.0873634
495,서울시 이마트(월계점),연중무휴,0:00,23:59,Y,N,1.0,0,N,37.626669,127.061866
496,서울시 노원구 노원소방서,연중무휴,9:00,18:00,Y,N,1.0,0,N,37.638265000000004,127.071067
497,서울시 노원구 노원소방서,연중무휴,9:00,18:00,Y,N,1.0,0,N,37.638265000000004,127.071067
498,노원구청,연중무휴,0:00,23:59,N,Y,0,1.0,N,37.654282,127.056572
499,상계2차중앙하이츠아파트,연중무휴,0:00,23:59,Y,N,1.0,0,N,37.65452844,127.0683522
500,상계2차중앙하이츠아파트,연중무휴,0:00,23:59,Y,N,1.0,0,N,37.65452844,127.0683522
501,롯데마트 중계점,연중무휴,10:00,23:59,N,Y,0,1.0,Y,37.646666499999995,127.07094599999999
502,홈플러스 중계점,연중무휴,10:00,23:59,N,Y,0,1.0,Y,37.639993,127.068629
503,실증용 Mock-up 주택 홍보관,연중무휴,0:00,23:59,N,Y,0,1.0,Y,37.63840479,127.07375320000001
504,실증용 Mock-up 주택 홍보관,연중무휴,0:00,23:59,N,Y,0,1.0,Y,37.63840479,127.07375320000001
505,노원에코센터,연중무휴,0:00,23:59,N,Y,0,1.0,N,37.64456148,127.05885239999999
506,상계2동 공영주차장,연중무휴,0:00,23:59,N,Y,0,1.0,N,37.656834,127.06756499999999
507,한국원자력의학원 본사,연중무휴,0:00,23:59,N,Y,0,1.0,Y,37.62881598,127.082647
508,한국원자력의학원 본사,연중무휴,0:00,23:59,N,Y,0,1.0,Y,37.62881598,127.082647
509,당고개아래 공영주차장,연중무휴,0:00,23:59,N,Y,0,1.0,N,37.668026,127.07691100000001
510,당고개아래 공영주차장,연중무휴,0:00,23:59,Y,N,1.0,0,N,37.668026,127.07691100000001
511,이마트 성수점,연중무휴,10:00,23:00,Y,N,0,0,Y,37.53993004,127.05349270000002
512,이마트 성수점(지상5층 주차장),연중무휴,10:00,23:00,N,Y,0,0,Y,37.53993004,127.05349270000002
513,이마트 성수점(지상5층 주차장),연중무휴,10:00,23:00,N,Y,0,0,Y,37.53993004,127.05349270000002
514,이마트 성수점(지상5층 주차장),연중무휴,10:00,23:00,N,Y,0,0,Y,37.53993004,127.05349270000002
515,이마트 성수점(지상5층 주차장),연중무휴,10:00,23:00,N,Y,0,0,Y,37.53993004,127.05349270000002
516,이마트 성수점(지상5층 주차장),연중무휴,10:00,23:00,N,Y,0,0,Y,37.53993004,127.05349270000002
517,이마트 성수점(지상5층 주차장),연중무휴,10:00,23:00,N,Y,0,0,Y,37.53993004,127.05349270000002
518,한양대학교,연중무휴,0:00,0:00,N,Y,0,0,Y,37.55827664,127.0482318
519,한양대학교,연중무휴,0:00,0:00,N,Y,0,0,Y,37.55827664,127.0482318
520,기아 성동 서비스센터,주말및공휴일,8:30,17:30,Y,N,0,0,Y,37.54494507,127.06420559999998
521,기아 성동 서비스센터,주말및공휴일,8:30,17:30,N,Y,0,0,Y,37.54494507,127.06420559999998
522,어울림더리버,연중무휴,0:00,0:00,Y,N,0,0,Y,37.54185092,127.0178872
523,옥수극동그린아파트,연중무휴,0:00,0:00,Y,N,0,0,Y,37.54161761,127.00981259999999
524,옥수극동그린아파트,연중무휴,0:00,0:00,Y,N,0,0,Y,37.54161761,127.00981259999999
525,옥수극동그린아파트,연중무휴,0:00,0:00,Y,N,0,0,Y,37.54161761,127.00981259999999
526,(주)비트플러스,연중무휴,10:00,23:00,Y,N,0,0,Y,37.56144094,127.03839599999999
527,(주)비트플러스,연중무휴,10:00,23:00,Y,N,0,0,Y,37.56144094,127.03839599999999
528,(주)비트플러스,연중무휴,10:00,23:00,Y,N,0,0,Y,37.56144094,127.03839599999999
529,(주)비트플러스,연중무휴,10:00,23:00,Y,N,0,0,Y,37.56144094,127.03839599999999
530,에이스하이앤드타워,연중무휴,10:00,23:00,Y,N,0,0,Y,37.54013033,127.05678780000001
531,서울숲코오롱2차디지털타워,연중무휴,10:00,23:00,Y,N,0,0,Y,37.54157349,127.05343959999999
532,서울 새활용플라자,연중무휴,0:00,0:00,N,Y,0,0,Y,37.55868677,127.05785220000001
533,서울 새활용플라자,연중무휴,0:00,0:00,N,Y,0,0,Y,37.55868677,127.05785220000001
534,(주)비트플러스,연중무휴,10:00,23:00,Y,N,0,0,Y,37.56144094,127.03839599999999
535,군자동주유소,연중무휴,6:00,24:00:00,N,Y,0,0,Y,37.56053364,127.06830249999999
536,군자동주유소,연중무휴,6:00,24:00:00,N,Y,0,0,Y,37.56053364,127.06830249999999
537,이마트 성수점,연중무휴,10:00,23:00,Y,N,0,0,Y,37.53993004,127.05349270000002
538,서울시 성동소방서,연중무휴,0:00,0:00,Y,N,0,0,Y,37.553821,127.03961100000001
539,서울시 성동소방서,연중무휴,0:00,0:00,Y,N,0,0,Y,37.553821,127.03961100000001
540,서울시 성동소방서,연중무휴,0:00,0:00,Y,N,0,0,Y,37.553821,127.03961100000001
541,서울시 성수1가2동 주민센터,연중무휴,9:00,18:00,Y,N,0,0,Y,37.546283,127.04442399999999
542,이마트 상봉점,2/4주 일요일,0:00,0:00,N,Y,0,0,N,37.596438,127.09359029999999
543,이마트 상봉점,2/4주 일요일,0:00,0:00,N,Y,0,0,N,37.596438,127.09359029999999
544,이마트 상봉점,2/4주 일요일,0:00,0:00,N,Y,0,0,N,37.596438,127.09359029999999
545,면목한신아파트,없음,0:00,0:00,Y,N,0,0,N,37.58648131,127.0758033
546,면목한신아파트,없음,0:00,0:00,Y,N,0,0,N,37.58648131,127.0758033
547,면목한신아파트,없음,0:00,0:00,Y,N,0,0,N,37.58648131,127.0758033
548,면목한신아파트,없음,0:00,0:00,Y,N,0,0,N,37.58648131,127.0758033
549,면목한신아파트,없음,0:00,0:00,Y,N,0,0,N,37.58648131,127.0758033
550,망우금호어울림아파트,없음,0:00,0:00,Y,N,0,0,N,37.6022258,127.1091554
551,용마산금호어울림아파트,없음,0:00,0:00,Y,N,0,0,Y,37.5774856,127.09137690000001
552,용마산금호어울림아파트,없음,0:00,0:00,Y,N,0,0,Y,37.5774856,127.09137690000001
553,신내6단지아파트,없음,0:00,0:00,Y,N,0,0,Y,37.61410212,127.0910356
554,신내6단지아파트,없음,0:00,0:00,Y,N,0,0,Y,37.61410212,127.0910356
555,태능에셈빌아파트,없음,0:00,0:00,Y,N,0,0,Y,37.5991759,127.0774943
556,SH공사동대문센터,없음,0:00,0:00,Y,N,0,0,Y,37.60539088,127.09166370000001
557,EV충전소 SK중랑교셀프주유소 (ev Most),없음,0:00,0:00,N,N,0,0,Y,37.5947009,127.0779097
558,면목2동주민센터,주말,12:00,14:00,Y,N,0,0,N,37.5896952,127.0789996
559,면목4동주민센터,주말,12:00,14:00,Y,N,0,0,N,37.5746612,127.0855957
560,면목5동주민센터,주말,12:00,14:00,Y,N,0,0,N,37.585745200000005,127.07948190000002
561,상봉1동주민센터,주말,12:00,14:00,Y,N,0,0,N,37.5998105,127.08714979999999
562,중랑구보건소,없음,0:00,0:00,Y,N,0,0,N,37.6063046,127.0931523
563,이마트 상봉점,2/4주 일요일,0:00,0:00,Y,N,0,0,N,37.596438,127.09359029999999
564,서울시 중랑소방서,없음,0:00,0:00,Y,N,0,0,N,37.6153417,127.09487069999999
565,망우제2호 거주자주차장,없음,0:00,0:00,N,Y,0,0,N,37.6028484,127.10202109999999
566,이마트 상봉점,2/4주 일요일,0:00,0:00,N,Y,0,0,Y,37.596438,127.09359029999999
567,서울시 은평소방서,연중무휴,0:00,0:00,Y,N,1.0,0.0,N,37.62857969,126.91972759999999
568,서울시 연광초등학교 지하 공동주차장,연중무휴,0:00,0:00,Y,N,1.0,0.0,Y,37.62618983,126.92884769999999
569,서울시 연신중학교 지하 공동주차장,연중무휴,0:00,0:00,Y,N,1.0,0.0,Y,37.62301523,126.92484209999999
570,현대자동차 블루핸즈 녹번서부점,연중무휴,9:00,18:00,Y,N,1.0,0.0,Y,37.60556918,126.9338149
571,은평구청,연중무휴,0:00,0:00,N,Y,0.0,1.0,N,37.60217556,126.9293379
572,서북병원,연중무휴,0:00,0:00,N,Y,0.0,1.0,N,37.60461972,126.90535659999999
573,서울소방학교,연중무휴,0:00,0:00,Y,N,1.0,0.0,Y,37.63421646,126.91446299999998
574,아이파크포레스트게이트,연중무휴,0:00,0:00,N,Y,4.0,0.0,Y,37.63287929999999,126.91831459999999
575,홈플러스 면목점,2/4주 일요일,10:00,23:59,N,Y,0,0,N,37.58118765,127.0803807
576,홈플러스 상봉점,2/4주 일요일,10:00,23:59,N,Y,0,0,Y,37.5983233,127.091431
577,홈플러스 신내점,2/4주 일요일,10:00,23:59,N,Y,0,0,Y,37.6157539,127.0937534
578,용마폭포공원 공영주차장,없음,0:00,0:00,N,Y,0,0,Y,37.5733026,127.0891138
579,서울의료원,없음,0:00,0:00,N,Y,0,0,N,37.613036,127.09841340000001
580,동대문중랑지사,없음,8:00,19:00,N,Y,0,0,N,37.6074439,127.0792372
581,면목3동 공영주차장,없음,0:00,0:00,N,Y,0,0,N,37.5810218,127.0935553
582,롯데하이마트 상봉점,없음,0:00,0:00,N,Y,0,0,N,37.5992526,127.0965028
583,화랑대역 환승공영주차장,없음,0:00,0:00,N,Y,0,0,N,37.6188035,127.0869244
584,화랑대역 환승공영주차장,없음,0:00,0:00,Y,N,0,0,N,37.6188035,127.0869244
585,중화문화복지센터(중화2동),주말,12:00,14:00,Y,N,0,0,N,37.595,127.0747885
586,중화1동주민센터,주말,12:00,14:00,Y,N,0,0,N,37.601132299999996,127.0806479
587,상봉2동주민센터,주말,12:00,14:00,Y,N,0,0,N,37.592386299999994,127.0832478
588,묵2동주민센터,주말,12:00,14:00,Y,N,0,0,N,37.6095801,127.07598970000001
589,면목7동주민센터,주말,12:00,14:00,Y,N,0,0,N,37.5789724,127.08695139999999
590,망우본동주민센터,주말,12:00,14:00,Y,N,0,0,N,37.60056074,127.1014872
591,롯데슈퍼 은평점,"매월 둘째, 넷째주 일요일",0:00,0:00,N,Y,0.0,1.0,Y,37.63432394,126.93046580000001
592,구파발역환승주차장,연중무휴,0:00,0:00,N,Y,0.0,1.0,Y,37.638763,126.918944
593,이마트은평점,"매월 둘째, 넷째주 일요일",10:00,0:00,N,Y,0.0,1.0,Y,37.600305999999996,126.92011299999999
594,은평구민체육센터,연중무휴,0:00,0:00,N,Y,0.0,1.0,Y,37.630675,126.92330600000001
595,현대자동차수색대리점,연중무휴,0:00,0:00,N,Y,0.0,1.0,N,37.586603000000004,126.888038
596,한국전력서대문은평지사,"연중무휴(주중08~20시, 주말09~18시 운영)",8:00,20:00,N,Y,0.0,1.0,N,37.605369,126.933683
597,서울특별시은평병원,연중무휴,0:00,0:00,N,Y,0.0,1.0,Y,37.598365,126.93735
598,은평평화공원공영주차장,연중무휴,0:00,0:00,N,Y,0.0,2.0,Y,37.605678000000005,126.92304399999999
599,응암3동공영주차장,연중무휴,0:00,0:00,N,Y,0.0,1.0,Y,37.593425,126.91535
600,신구초교 공영노외주차장,주말,0:00,0:00,Y,N,1.0,0,Y,37.5233594,127.02399150000001
601,탄천2호 공영노외주차장,주말,0:00,0:00,N,Y,1.0,1.0,Y,37.4939889,127.078626
602,역삼1동문화센터 공영노외주차장,주말,0:00,0:00,Y,N,1.0,0,Y,37.49561902,127.0328832
603,도곡로21길 7 공영노외주차장,주말,0:00,0:00,Y,N,1.0,0,Y,37.4925499,127.03885359999998
604,치매지원센터 공영노외주차장,주말,0:00,0:00,Y,N,1.0,0,Y,37.5103117,127.04638359999998
605,포이초교 공영노외주차장,주말,0:00,0:00,Y,N,1.0,0,Y,37.47529287,127.0514162
606,도곡초교 공영노외주차장,주말,0:00,0:00,Y,N,1.0,0,Y,37.49850464,127.0553888
607,대치2문화센터 공영노외주차장,주말,0:00,0:00,Y,N,1.0,0,Y,37.5020217,127.0637699
608,언주초교 공영노외주차장,주말,0:00,0:00,Y,N,1.0,0,Y,37.48632308,127.03678090000001
609,논현초교 공영노외주차장,주말,0:00,0:00,Y,N,1.0,0,Y,37.50849066,127.0262217
610,개포동공원 공영노외주차장,주말,0:00,0:00,Y,Y,1.0,1.0,Y,37.48970767,127.068281
611,대왕초교 공영노외주차장,주말,9:00,19:00,Y,N,1.0,0,Y,37.4646674,127.09768700000001
612,강남구청 부설주차장,없음,0:00,0:00,N,Y,0,1.0,Y,37.51796636,127.04706110000001
613,헌릉로745길 공영노상주차장,없음,0:00,0:00,N,Y,0,1.0,Y,37.47031417,127.11863829999999
614,압구정로29길 공영노상주차장,없음,0:00,0:00,N,Y,0,1.0,Y,37.53084614,127.02713909999999
615,논현로22길 공영노외주차장,없음,0:00,0:00,N,Y,0,1.0,Y,37.48202648,127.04842240000002
616,대청역 공영노외주차장,없음,0:00,0:00,N,Y,0,1.0,Y,37.4949109,127.0793202
